	year_of_award	movie	person	movieID	bioLink
0	1927	Two Arabian Knights	Lewis Milestone	https://www.imdb.com/title/tt0018515/	https://www.imdb.com/name/nm0587277/
1	1930	The Divine Lady	Frank Lloyd	https://www.imdb.com/title/tt0019824/	https://www.imdb.com/name/nm0515979/
2	1931	All Quiet on the Western Front	Lewis Milestone	https://www.imdb.com/title/tt0020629/	https://www.imdb.com/name/nm0587277/
3	1932	Skippy	Norman Taurog	https://www.imdb.com/title/tt0022397/	https://www.imdb.com/name/nm0851537/
4	1933	Bad Girl	Frank Borzage	https://www.imdb.com/title/tt0021635/	https://www.imdb.com/name/nm0097648/
5	1934	Cavalcade	Frank Lloyd	https://www.imdb.com/title/tt0023876/	https://www.imdb.com/name/nm0515979/
6	1935	It Happened One Night	Frank Capra	https://www.imdb.com/title/tt0025316/	https://www.imdb.com/name/nm0001008/awards
7	1936	The Informer	John Ford	https://www.imdb.com/title/tt0026529/	https://www.imdb.com/name/nm0000406/awards
8	1937	Mr. Deeds Goes to Town	Frank Capra	https://www.imdb.com/title/tt0027996/	https://www.imdb.com/name/nm0001008/awards
9	1938	The Awful Truth	Leo McCarey	https://www.imdb.com/title/tt0028597/	https://www.imdb.com/name/nm0564970/
10	1939	You Can't Take It with You	Frank Capra	https://www.imdb.com/title/tt0030993/	https://www.imdb.com/name/nm0001008/awards
11	1940	Gone with the Wind	Victor Fleming	https://www.imdb.com/title/tt0031381/	https://www.imdb.com/name/nm0281808/
12	1941	The Grapes of Wrath	John Ford	https://www.imdb.com/title/tt0032551/	https://www.imdb.com/name/nm0000406/awards
13	1942	How Green Was My Valley	John Ford	https://www.imdb.com/title/tt0033729/	https://www.imdb.com/name/nm0000406/awards
14	1943	Mrs. Miniver	William Wyler	https://www.imdb.com/title/tt0035093/	https://www.imdb.com/name/nm0943758/
15	1944	Casablanca	Michael Curtiz	https://www.imdb.com/title/tt0034583/	https://www.imdb.com/name/nm0002031/awards
16	1945	Going My Way	Leo McCarey	https://www.imdb.com/title/tt0036872/	https://www.imdb.com/name/nm0564970/
17	1962	West Side Story	Jerome Robbins	https://www.imdb.com/title/tt0055614/	https://www.imdb.com/name/nm0730385/
18	1946	The Lost Weekend	Billy Wilder	https://www.imdb.com/title/tt0037884/	https://www.imdb.com/name/nm0000697/awards
19	1947	The Best Years of Our Lives	William Wyler	https://www.imdb.com/title/tt0036868/	https://www.imdb.com/name/nm0943758/
20	1948	Gentleman's Agreement	Elia Kazan	https://www.imdb.com/title/tt0039416/	https://www.imdb.com/name/nm0001415/
21	1949	The Treasure of the Sierra Madre	John Huston	https://www.imdb.com/title/tt0040897/	https://www.imdb.com/name/nm0001379/awards
22	1950	A Letter to Three Wives	Joseph L. Mankiewicz	https://www.imdb.com/title/tt0041587/	https://www.imdb.com/name/nm0000581/
23	1951	All About Eve	Joseph L. Mankiewicz	https://www.imdb.com/title/tt0042192/	https://www.imdb.com/name/nm0000581/
24	1952	A Place in the Sun	George Stevens	https://www.imdb.com/title/tt0043924/	https://www.imdb.com/name/nm0828419/awards
25	1953	The Quiet Man	John Ford	https://www.imdb.com/title/tt0045061/	https://www.imdb.com/name/nm0000406/awards
26	1954	From Here to Eternity	Fred Zinnemann	https://www.imdb.com/title/tt0045793/	https://www.imdb.com/name/nm0003593/
27	1955	On the Waterfront	Elia Kazan	https://www.imdb.com/title/tt0047296/	https://www.imdb.com/name/nm0001415/
28	1956	Marty	Delbert Mann	https://www.imdb.com/title/tt0048356/	https://www.imdb.com/name/nm0542720/
29	1957	Giant	George Stevens	https://www.imdb.com/title/tt0049261/	https://www.imdb.com/name/nm0828419/awards
30	1958	The Bridge on the River Kwai	David Lean	https://www.imdb.com/title/tt0050212/	https://www.imdb.com/name/nm0000180/awards
31	1959	Gigi	Vincente Minnelli	https://www.imdb.com/title/tt0051658/	https://www.imdb.com/name/nm0591486/awards
32	1960	Ben-Hur	William Wyler	https://www.imdb.com/title/tt0052618/	https://www.imdb.com/name/nm0943758/
33	1961	The Apartment	Billy Wilder	https://www.imdb.com/title/tt0053604/	https://www.imdb.com/name/nm0000697/awards
34	1961	West Side Story	Robert Wise	https://www.imdb.com/title/tt0055614/	https://www.imdb.com/name/nm0936404/awards
35	1963	Lawrence of Arabia	David Lean	https://www.imdb.com/title/tt0056172/	https://www.imdb.com/name/nm0000180/awards
36	1964	Tom Jones	Tony Richardson	https://www.imdb.com/title/tt0057590/	https://www.imdb.com/name/nm0724798/
37	1965	My Fair Lady	George Cukor	https://www.imdb.com/title/tt0058385/	https://www.imdb.com/name/nm0002030/awards
38	1966	The Sound of Music	Robert Wise	https://www.imdb.com/title/tt0059742/	https://www.imdb.com/name/nm0936404/awards
39	1967	A Man for All Seasons	Fred Zinnemann	https://www.imdb.com/title/tt0060665/	https://www.imdb.com/name/nm0003593/
40	1968	The Graduate	Mike Nichols	https://www.imdb.com/title/tt0061722/	https://www.imdb.com/name/nm0001566/awards
41	2008	No Country for Old Men	Joel Coen	https://www.imdb.com/title/tt0477348/	https://www.imdb.com/name/nm0001054/awards
42	1969	Oliver!	Carol Reed	https://www.imdb.com/title/tt0063385/	https://www.imdb.com/name/nm0715346/awards
43	1969	Midnight Cowboy	John Schlesinger	https://www.imdb.com/title/tt0064665/	https://www.imdb.com/name/nm0772259/
44	1970	Patton	Franklin J. Schaffner	https://www.imdb.com/title/tt0066206/	https://www.imdb.com/name/nm0769874/
45	1972	The French Connection	William Friedkin	https://www.imdb.com/title/tt0067116/	https://www.imdb.com/name/nm0001243/awards
46	1973	Cabaret	Bob Fosse	https://www.imdb.com/title/tt0068327/	https://www.imdb.com/name/nm0002080/
47	1973	The Sting	George Roy Hill	https://www.imdb.com/title/tt0070735/	https://www.imdb.com/name/nm0001351/
48	1975	The Godfather Part II	Francis Ford Coppola	https://www.imdb.com/title/tt0071562/	https://www.imdb.com/name/nm0000338/awards
49	1976	One Flew over the Cuckoo's Nest	Milos Forman	https://www.imdb.com/title/tt0073486/	https://www.imdb.com/name/nm0001232/
50	1976	Rocky	John G. Avildsen	https://www.imdb.com/title/tt0073629/	https://www.imdb.com/name/nm0000814/
51	1978	Annie Hall	Woody Allen	https://www.imdb.com/title/tt0075686/	https://www.imdb.com/name/nm0000095/awards
52	1979	The Deer Hunter	Michael Cimino	https://www.imdb.com/title/tt0077416/	https://www.imdb.com/name/nm0001047/awards
53	1980	Kramer vs. Kramer	Robert Benton	https://www.imdb.com/title/tt0079417/	https://www.imdb.com/name/nm0000914/
54	1980	Ordinary People	Robert Redford	https://www.imdb.com/title/tt0081283/	https://www.imdb.com/name/nm0000602/awards
55	1981	Reds	Warren Beatty	https://www.imdb.com/title/tt0082979/	https://www.imdb.com/name/nm0000886/awards
56	1982	Gandhi	Richard Attenborough	https://www.imdb.com/title/tt0083987/	https://www.imdb.com/name/nm0000277/awards
57	1983	Terms of Endearment	James L. Brooks	https://www.imdb.com/title/tt0086425/	https://www.imdb.com/name/nm0000985/
58	1985	Amadeus	Milos Forman	https://www.imdb.com/title/tt0086879/	https://www.imdb.com/name/nm0001232/
59	1986	Out of Africa	Sydney Pollack	https://www.imdb.com/title/tt0089755/	https://www.imdb.com/name/nm0001628/awards
60	1990	Platoon	Oliver Stone	https://www.imdb.com/title/tt0091763/	https://www.imdb.com/name/nm0000231/awards
61	1988	The Last Emperor	Bernardo Bertolucci	https://www.imdb.com/title/tt0093389/	https://www.imdb.com/name/nm0000934/awards
62	1989	Rain Man	Barry Levinson	https://www.imdb.com/title/tt0095953/	https://www.imdb.com/name/nm0001469/awards
63	1990	Born on the Fourth of July	Oliver Stone	https://www.imdb.com/title/tt0096969/	https://www.imdb.com/name/nm0000231/awards
64	1991	Dances with Wolves	Kevin Costner	https://www.imdb.com/title/tt0099348/	https://www.imdb.com/name/nm0000126/awards
65	1992	The Silence of the Lambs	Jonathan Demme	https://www.imdb.com/title/tt0102926/	https://www.imdb.com/name/nm0001129/
66	1993	Unforgiven	Clint Eastwood	https://www.imdb.com/title/tt0105695/	https://www.imdb.com/name/nm0000142/awards
67	1994	Schindler's List	Steven Spielberg	https://www.imdb.com/title/tt0108052/	https://www.imdb.com/name/nm0000229/awards
68	1995	Forrest Gump	Robert Zemeckis	https://www.imdb.com/title/tt0109830/	https://www.imdb.com/name/nm0000709/awards
69	1996	Braveheart	Mel Gibson	https://www.imdb.com/title/tt0112573/	https://www.imdb.com/name/nm0000154/awards
70	1997	The English Patient	Anthony Minghella	https://www.imdb.com/title/tt0116209/	https://www.imdb.com/name/nm0005237/
71	1998	Titanic	James Cameron	https://www.imdb.com/title/tt0120338/	https://www.imdb.com/name/nm0000116/awards
72	1999	Saving Private Ryan	Steven Spielberg	https://www.imdb.com/title/tt0120815/	https://www.imdb.com/name/nm0000229/awards
73	2000	American Beauty	Sam Mendes	https://www.imdb.com/title/tt0169547/	https://www.imdb.com/name/nm0005222/awards
74	2001	Traffic	Steven Soderbergh	https://www.imdb.com/title/tt0181865/	https://www.imdb.com/name/nm0001752/awards
75	2002	A Beautiful Mind	Ron Howard	https://www.imdb.com/title/tt0268978/	https://www.imdb.com/name/nm0000165/awards
76	2003	The Pianist	Roman Polanski	https://www.imdb.com/title/tt0253474/	https://www.imdb.com/name/nm0000591/awards
77	2004	The Lord of the Rings: Return of the King	Peter Jackson	https://www.imdb.com/title/tt0167260/	https://www.imdb.com/name/nm0001392/awards
78	2005	Million Dollar Baby	Clint Eastwood	https://www.imdb.com/title/tt0405159/	https://www.imdb.com/name/nm0000142/awards
79	2006	Brokeback Mountain	Ang Lee	https://www.imdb.com/title/tt0388795/	https://www.imdb.com/name/nm0000487/awards
80	2007	The Departed	Martin Scorsese	https://www.imdb.com/title/tt0407887/	https://www.imdb.com/name/nm0000217/awards
81	2008	No Country for Old Men	Ethan Coen	https://www.imdb.com/title/tt0477348/	https://www.imdb.com/name/nm0001053/awards
82	2009	Slumdog Millionaire	Danny Boyle	https://www.imdb.com/title/tt1010048/	https://www.imdb.com/name/nm0000965/awards
83	2009	The Hurt Locker	Kathryn Bigelow	https://www.imdb.com/title/tt0887912/	https://www.imdb.com/name/nm0000941/
84	2011	The King's Speech	Tom Hooper	https://www.imdb.com/title/tt1504320/	https://www.imdb.com/name/nm0393799/awards
85	2012	The Artist	Michel Hazanavicius	https://www.imdb.com/title/tt1655442/	https://www.imdb.com/name/nm0371890/
86	2013	Life of Pi	Ang Lee	https://www.imdb.com/title/tt0454876/	https://www.imdb.com/name/nm0000487/awards
87	1929	The Last Command	Emil Jannings	https://www.imdb.com/title/tt0019071/	https://www.imdb.com/name/nm0417837/awards
88	1930	In Old Arizona	Warner Baxter	https://www.imdb.com/title/tt0020018/	https://www.imdb.com/name/nm0062828/awards
89	1930	Desraeli	George Arliss	https://www.imdb.com/title/tt0019823/	https://www.imdb.com/name/nm0002183/
90	1931	A Free Soul	Lionel Barrymore	https://www.imdb.com/title/tt0021885/	https://www.imdb.com/name/nm0000859/awards
91	1932	The Champ	Wallace Beery	https://www.imdb.com/title/tt0021730/	https://www.imdb.com/name/nm0000891/awards
92	1934	The Private Life of Henry VIII	Charles Laughton	https://www.imdb.com/title/tt0024473/	https://www.imdb.com/name/nm0001452/awards
93	1935	It Happened One Night	Clark Gable	https://www.imdb.com/title/tt0025316/	https://www.imdb.com/name/nm0000022/awards
94	1936	The Informer	Victor McLaglen	https://www.imdb.com/title/tt0026529/	https://www.imdb.com/name/nm0572142/
95	1937	The Story of Louis Pasteur	Paul Muni	https://www.imdb.com/title/tt0028313/	https://www.imdb.com/name/nm0612847/awards
96	1938	Captains Courageous	Spencer Tracy	https://www.imdb.com/title/tt0028691/	https://www.imdb.com/name/nm0000075/awards
97	1939	Boys Town	Spencer Tracy	https://www.imdb.com/title/tt0029942/	https://www.imdb.com/name/nm0000075/awards
98	1940	Goodbye Mr. Chips	Robert Donat	https://www.imdb.com/title/tt0031385/	https://www.imdb.com/name/nm0232196/awards
99	1941	The Philadelphia Story	Jimmy Stewart	https://www.imdb.com/title/tt0032904/	https://www.imdb.com/name/nm0000071/awards
100	1942	Sergeant York	Gary Cooper	https://www.imdb.com/title/tt0034167/	https://www.imdb.com/name/nm0000011/awards
101	1943	Yankee Doodle Dandy	James Cagney	https://www.imdb.com/title/tt0035575/	https://www.imdb.com/name/nm0000010/awards
102	1944	Watch on the Rhine	Paul Lukas	https://www.imdb.com/title/tt0036515/	https://www.imdb.com/name/nm0510134/
103	1945	Going My Way	Bing Crosby	https://www.imdb.com/title/tt0036872/	https://www.imdb.com/name/nm0001078/awards
104	1946	The Lost Weekend	Ray Milland	https://www.imdb.com/title/tt0037884/	https://www.imdb.com/name/nm0001537/awards
105	1947	The Best Years of Our Lives	Fredric March	https://www.imdb.com/title/tt0036868/	https://www.imdb.com/name/nm0545298/awards
106	1948	A Double Life	Ronald Colman	https://www.imdb.com/title/tt0039335/	https://www.imdb.com/name/nm0172903/awards
107	1949	Hamlet	Laurence Olivier	https://www.imdb.com/title/tt0040416/	https://www.imdb.com/name/nm0000059/awards
108	1950	All The King's Men	Broderick Crawford	https://www.imdb.com/title/tt0041113/	https://www.imdb.com/name/nm0002024/
109	1951	Cyrano de Bergerac	Jose Ferrer	https://www.imdb.com/title/tt0042367/	https://www.imdb.com/name/nm0001207/awards
110	1952	The Africa Queen	Humphrey Bogart	https://www.imdb.com/title/tt0043265/	https://www.imdb.com/name/nm0000007/awards
111	1953	High Noon	Gary Cooper	https://www.imdb.com/title/tt0044706/	https://www.imdb.com/name/nm0000011/awards
112	1954	Stalag 17	William Holden	https://www.imdb.com/title/tt0046359/	https://www.imdb.com/name/nm0000034/awards
113	1955	On the Waterfront	Marlon Brando	https://www.imdb.com/title/tt0047296/	https://www.imdb.com/name/nm0000008/awards
114	1956	Marty	Ernest Borgnine	https://www.imdb.com/title/tt0048356/	https://www.imdb.com/name/nm0000308/awards
115	1957	The King and I	Yul Brynner	https://www.imdb.com/title/tt0049408/	https://www.imdb.com/name/nm0000989/awards
116	1958	The Bridge on the River Kwai	Alec Guinness	https://www.imdb.com/title/tt0050212/	https://www.imdb.com/name/nm0000027/awards
117	1959	Separate Tables	David Niven	https://www.imdb.com/title/tt0052182/	https://www.imdb.com/name/nm0000057/awards
118	1960	Ben-hur	Charlton Heston	https://www.imdb.com/title/tt0052618/	https://www.imdb.com/name/nm0000032/awards
119	1961	Elmer Gantry	Burt Lancaster	https://www.imdb.com/title/tt0053793/	https://www.imdb.com/name/nm0000044/awards
120	1962	Judgement at Nuremberg	Maximilian Schell	https://www.imdb.com/title/tt0055031/	https://www.imdb.com/name/nm0001703/awards
121	1963	To Kill a Mockingbird	Gregory Peck	https://www.imdb.com/title/tt0056592/	https://www.imdb.com/name/nm0000060/awards
122	1964	Lilies of the Field	Sidney Poitier	https://www.imdb.com/title/tt0057251/	https://www.imdb.com/name/nm0001627/awards
123	1965	My Fair Lady	Rex Harrison	https://www.imdb.com/title/tt0058385/	https://www.imdb.com/name/nm0001322/awards
124	1966	Cat Ballou	Lee Marvin	https://www.imdb.com/title/tt0059017/	https://www.imdb.com/name/nm0001511/awards
125	1967	A Man For All Seasons	Paul Scofield	https://www.imdb.com/title/tt0060665/	https://www.imdb.com/name/nm0006890/awards
126	1968	In the Heat of the Night	Rod Steiger	https://www.imdb.com/title/tt0061811/	https://www.imdb.com/name/nm0001768/awards
127	1969	Charly	Cliff Robertson	https://www.imdb.com/title/tt0062794/	https://www.imdb.com/name/nm0731772/awards
128	1970	True Grit	John Wayne	https://www.imdb.com/title/tt0065126/	https://www.imdb.com/name/nm0000078/awards
129	1971	Patton	George C. Scott	https://www.imdb.com/title/tt0066206/	https://www.imdb.com/name/nm0001715/
130	1972	The French Connection	Gene Hackman	https://www.imdb.com/title/tt0067116/	https://www.imdb.com/name/nm0000432/awards
131	1973	The Godfather	Marlon Brando	https://www.imdb.com/title/tt0068646/	https://www.imdb.com/name/nm0000008/awards
132	1974	Save the Tiger	Jack Lemmon	https://www.imdb.com/title/tt0070640/	https://www.imdb.com/name/nm0000493/awards
133	1975	Harry and Tonto	Art Carney	https://www.imdb.com/title/tt0071598/	https://www.imdb.com/name/nm0138770/
134	1976	One Flew Over the Cuckoo's Nest	Jack Nicholson	https://www.imdb.com/title/tt0073486/	https://www.imdb.com/name/nm0000197/awards
135	1977	Network	Peter Finch	https://www.imdb.com/title/tt0074958/	https://www.imdb.com/name/nm0002075/awards
136	1978	The Goodbye Girl	Richard Dreyfuss	https://www.imdb.com/title/tt0076095/	https://www.imdb.com/name/nm0000377/awards
137	1979	Coming Home	Jon Voight	https://www.imdb.com/title/tt0077362/	https://www.imdb.com/name/nm0000685/awards
138	1980	Kramer vs. Kramer	Dustin Hoffman	https://www.imdb.com/title/tt0079417/	https://www.imdb.com/name/nm0000163/awards
139	1981	Raging Bull	Robert De Niro	https://www.imdb.com/title/tt0081398/	https://www.imdb.com/name/nm0000134/awards
140	1982	On Golden Pond	Henry Fonda	https://www.imdb.com/title/tt0082846/	https://www.imdb.com/name/nm0000020/awards
141	1983	Gandhi	Ben Kingsley	https://www.imdb.com/title/tt0083987/	https://www.imdb.com/name/nm0001426/awards
142	1984	Tender Mercies	Robert Duvall	https://www.imdb.com/title/tt0086423/	https://www.imdb.com/name/nm0000380/awards
143	1985	Amadeus	F. Murray Abraham	https://www.imdb.com/title/tt0086879/	https://www.imdb.com/name/nm0000719/
144	1986	Kiss of the Spider Woman	William Hurt	https://www.imdb.com/title/tt0089424/	https://www.imdb.com/name/nm0000458/awards
145	1987	The Color of Money	Paul Newman	https://www.imdb.com/title/tt0090863/	https://www.imdb.com/name/nm0000056/awards
146	1988	Wall Street	Michael Douglas	https://www.imdb.com/title/tt0094291/	https://www.imdb.com/name/nm0000140/
147	1989	Rainman	Dustin Hoffman	https://www.imdb.com/title/tt0095953/	https://www.imdb.com/name/nm0000163/awards
148	1990	My Left Foot	Daniel Day-Lewis	https://www.imdb.com/title/tt0097937/	https://www.imdb.com/name/nm0000358/awards
149	1991	Reversal of Fortune	Jeremy Irons	https://www.imdb.com/title/tt0100486/	https://www.imdb.com/name/nm0000460/awards
150	1992	Silence of the Lambs	Anthony Hopkins	https://www.imdb.com/title/tt0102926/	https://www.imdb.com/name/nm0000164/awards
151	1993	Scent of a Woman	Al Pacino	https://www.imdb.com/title/tt0105323/	https://www.imdb.com/name/nm0000199/awards
152	1994	Philadelphia	Tom Hanks	https://www.imdb.com/title/tt0107818/	https://www.imdb.com/name/nm0000158/awards
153	1995	Forrest Gump	Tom Hanks	https://www.imdb.com/title/tt0109830/	https://www.imdb.com/name/nm0000158/awards
154	1996	Leaving Las Vegas	Nicolas Cage	https://www.imdb.com/title/tt0113627/	https://www.imdb.com/name/nm0000115/awards
155	1997	Shine	Geoffrey Rush	https://www.imdb.com/title/tt0117631/	https://www.imdb.com/name/nm0001691/awards
156	1997	As Good as It Gets	Jack Nicholson	https://www.imdb.com/title/tt0119822/	https://www.imdb.com/name/nm0000197/awards
157	1999	Life is Beautiful	Roberto Benigni	https://www.imdb.com/title/tt0118799/	https://www.imdb.com/name/nm0000905/
158	2000	American Beauty	Kevin Spacey	https://www.imdb.com/title/tt0169547/	https://www.imdb.com/name/nm0000228/awards
159	2001	Gladiator	Russell Crowe	https://www.imdb.com/title/tt0172495/	https://www.imdb.com/name/nm0000128/awards
160	2002	Training Day	Denzel Washington	https://www.imdb.com/title/tt0139654/	https://www.imdb.com/name/nm0000243/awards
161	2003	The Pianist	Adrien Brody	https://www.imdb.com/title/tt0253474/	https://www.imdb.com/name/nm0004778/awards
162	2003	Mystic River	Sean Penn	https://www.imdb.com/title/tt0327056/	https://www.imdb.com/name/nm0000576/awards
163	2005	Ray	Jamie Foxx	https://www.imdb.com/title/tt0350258/	https://www.imdb.com/name/nm0004937/awards
164	2006	Capote	Philip Seymour Hoffman	https://www.imdb.com/title/tt0379725/	https://www.imdb.com/name/nm0000450/
165	2007	The Last King of Scotland	Forest Whitaker	https://www.imdb.com/title/tt0455590/	https://www.imdb.com/name/nm0001845/awards
166	2008	There Will Be Blood	Daniel Day-Lewis	https://www.imdb.com/title/tt0469494/	https://www.imdb.com/name/nm0000358/awards
167	2009	Milk	Sean Penn	https://www.imdb.com/title/tt1013753/	https://www.imdb.com/name/nm0000576/awards
168	2010	Crazy Heart	Jeff Bridges	https://www.imdb.com/title/tt1263670/	https://www.imdb.com/name/nm0000313/awards
169	2011	The King's Speech	Colin Firth	https://www.imdb.com/title/tt1504320/	https://www.imdb.com/name/nm0000147/awards
170	2012	The Artist	Jean Dujardin	https://www.imdb.com/title/tt1655442/	https://www.imdb.com/name/nm0241121/
171	2013	Lincoln	Daniel Day-Lewis	https://www.imdb.com/title/tt0443272/	https://www.imdb.com/name/nm0000358/awards
172	2014	Dallas Buyers Club	Matthew McConaughey	https://www.imdb.com/title/tt0790636/	https://www.imdb.com/name/nm0000190/awards
173	1938	Come and Get It	Walter Brennan	https://www.imdb.com/title/tt0027459/	https://www.imdb.com/name/nm0000974/awards
174	1938	The Life of Emile Zola	Joseph Schildkraut	https://www.imdb.com/title/tt0029146/	https://www.imdb.com/name/nm0771584/
175	1939	Kentucky	Walter Brennan	https://www.imdb.com/title/tt0030317/	https://www.imdb.com/name/nm0000974/awards
176	1940	Stagecoach	Thomas Mitchell	https://www.imdb.com/title/tt0031971/	https://www.imdb.com/name/nm0593775/awards
177	1941	The Westerner	Walter Brennan	https://www.imdb.com/title/tt0033253/	https://www.imdb.com/name/nm0000974/awards
178	1942	How Green Was My Valley	Donald Crisp	https://www.imdb.com/title/tt0033729/	https://www.imdb.com/name/nm0187981/
179	1943	Johnny Eager	Van Heflin	https://www.imdb.com/title/tt0033774/	https://www.imdb.com/name/nm0001336/awards
180	1944	The More the Merrier	Charles Coburn	https://www.imdb.com/title/tt0036172/	https://www.imdb.com/name/nm0002013/
181	1945	Going My Way	Barry Fitzgerald	https://www.imdb.com/title/tt0036872/	https://www.imdb.com/name/nm0280178/awards
182	1946	A Tree Grows in Brooklyn	James Dunn	https://www.imdb.com/title/tt0038190/	https://www.imdb.com/name/nm0007223/
183	1947	The Best Years of Our Lives	Harold Russell	https://www.imdb.com/title/tt0036868/	https://www.imdb.com/name/nm0751174/
184	1948	Miracle on 34th Street	Edmund Gwenn	https://www.imdb.com/title/tt0039628/	https://www.imdb.com/name/nm0350324/
185	1949	The Treasure of the Sierra Madre	Walter Huston	https://www.imdb.com/title/tt0040897/	https://www.imdb.com/name/nm0404158/awards
186	1950	Twelve O'Clock High	Dean Jagger	https://www.imdb.com/title/tt0041996/	https://www.imdb.com/name/nm0415591/awards
187	1951	All About Eve	George Sanders	https://www.imdb.com/title/tt0042192/	https://www.imdb.com/name/nm0001695/awards
188	1952	A Streetcar Named Desire	Karl Malden	https://www.imdb.com/title/tt0044081/	https://www.imdb.com/name/nm0001500/awards
189	1953	Viva Zapata!	Anthony Quinn	https://www.imdb.com/title/tt0045296/	https://www.imdb.com/name/nm0000063/awards
190	1954	From Here to Eternity	Frank Sinatra	https://www.imdb.com/title/tt0045793/	https://www.imdb.com/name/nm0000069/awards
191	1955	The Barefoot Contessa	Edmond O'Brien	https://www.imdb.com/title/tt0046754/	https://www.imdb.com/name/nm0639529/
192	1956	Mister Roberts	Jack Lemmon	https://www.imdb.com/title/tt0048380/	https://www.imdb.com/name/nm0000493/awards
193	1957	Lust for Life	Anthony Quinn	https://www.imdb.com/title/tt0049456/	https://www.imdb.com/name/nm0000063/awards
194	1958	Sayonara	Red Buttons	https://www.imdb.com/title/tt0050933/	https://www.imdb.com/name/nm0000999/awards
195	1959	The Big Country	Burl Ives	https://www.imdb.com/title/tt0051411/	https://www.imdb.com/name/nm0412322/awards
196	1960	Ben-Hur	Hugh Griffith	https://www.imdb.com/title/tt0052618/	https://www.imdb.com/name/nm0341518/
197	1961	Spartacus	Peter Ustinov	https://www.imdb.com/title/tt0054331/	https://www.imdb.com/name/nm0001811/awards
198	1962	West Side Story	George Chakiris	https://www.imdb.com/title/tt0055614/	https://www.imdb.com/name/nm0001995/awards
199	1963	Sweet Bird of Youth	Ed Begley, Sr.	https://www.imdb.com/title/tt0056541/	https://www.imdb.com/name/nm0003225/
200	1964	Hud	Melvyn Douglas	https://www.imdb.com/title/tt0057163/	https://www.imdb.com/name/nm0002048/
201	1965	Topkapi	Peter Ustinov	https://www.imdb.com/title/tt0058672/	https://www.imdb.com/name/nm0001811/awards
202	1966	A Thousand Clowns	Martin Balsam	https://www.imdb.com/title/tt0059798/	https://www.imdb.com/name/nm0000842/awards
203	1967	The Fortune Cookie	Walter Matthau	https://www.imdb.com/title/tt0060424/	https://www.imdb.com/name/nm0000527/awards
204	1968	Cool Hand Luke	George Kennedy	https://www.imdb.com/title/tt0061512/	https://www.imdb.com/name/nm0001421/awards
205	1969	The Subject Was Roses	Jack Albertson	https://www.imdb.com/title/tt0063654/	https://www.imdb.com/name/nm0016776/
206	1970	They Shoot Horses, Don't They?	Gig Young	https://www.imdb.com/title/tt0065088/	https://www.imdb.com/name/nm0949574/
207	1971	Ryan's Daughter	John Mills	https://www.imdb.com/title/tt0066319/	https://www.imdb.com/name/nm0590055/awards
208	1972	The Last Picture Show	Ben Johnson	https://www.imdb.com/title/tt0067328/	https://www.imdb.com/name/nm0424565/awards
209	1973	Cabaret	Joel Grey	https://www.imdb.com/title/tt0068327/	https://www.imdb.com/name/nm0001297/awards
210	1974	The Paper Chase	John Houseman	https://www.imdb.com/title/tt0070509/	https://www.imdb.com/name/nm0002144/
211	1975	The Godfather Part II	Robert De Niro	https://www.imdb.com/title/tt0071562/	https://www.imdb.com/name/nm0000134/awards
212	1976	The Sunshine Boys	George Burns	https://www.imdb.com/title/tt0073766/	https://www.imdb.com/name/nm0122675/awards
213	1977	All the President's Men	Jason Robards	https://www.imdb.com/title/tt0074119/	https://www.imdb.com/name/nm0001673/awards
214	1978	Julia	Jason Robards	https://www.imdb.com/title/tt0076245/	https://www.imdb.com/name/nm0001673/awards
215	1979	The Deer Hunter	Christopher Walken	https://www.imdb.com/title/tt0077416/	https://www.imdb.com/name/nm0000686/awards
216	1980	Being There	Melvyn Douglas	https://www.imdb.com/title/tt0078841/	https://www.imdb.com/name/nm0002048/
217	1981	Oridnary People	Timothy Hutton	https://www.imdb.com/title/tt0081283/	https://www.imdb.com/name/nm0000459/awards
218	1982	Arthur	John Gielgud	https://www.imdb.com/title/tt0082031/	https://www.imdb.com/name/nm0000024/awards
219	1983	An Officer and a Gentleman	Lou Gossett, Jr.	https://www.imdb.com/title/tt0084434/	https://www.imdb.com/name/nm0001283/
220	1984	Terms of Endearment	Jack Nicholson	https://www.imdb.com/title/tt0086425/	https://www.imdb.com/name/nm0000197/awards
221	1985	The Killing Fields	Haing S. Ngor	https://www.imdb.com/title/tt0087553/	https://www.imdb.com/name/nm0628955/
222	1986	Cocoon	Don Ameche	https://www.imdb.com/title/tt0088933/	https://www.imdb.com/name/nm0000747/awards
223	1987	Hannah and Her Sisters	Michael Caine	https://www.imdb.com/title/tt0091167/	https://www.imdb.com/name/nm0000323/awards
224	1988	The Untouchables	Sean Connery	https://www.imdb.com/title/tt0094226/	https://www.imdb.com/name/nm0000125/awards
225	1989	A Fish Called Wanda	Kevin Kline	https://www.imdb.com/title/tt0095159/	https://www.imdb.com/name/nm0000177/awards
226	1990	Glory	Denzel Washington	https://www.imdb.com/title/tt0097441/	https://www.imdb.com/name/nm0000243/awards
227	1991	Good Fellas	Joe Pesci	https://www.imdb.com/title/tt0099685/	https://www.imdb.com/name/nm0000582/awards
228	1992	City Slickers	Jack Palance	https://www.imdb.com/title/tt0101587/	https://www.imdb.com/name/nm0001588/awards
229	1993	Unforgiven	Gene Hackman	https://www.imdb.com/title/tt0105695/	https://www.imdb.com/name/nm0000432/awards
230	1994	The Fugitive	Tommy Lee Jones	https://www.imdb.com/title/tt0106977/	https://www.imdb.com/name/nm0000169/awards
231	1995	Ed Wood	Martin Landau	https://www.imdb.com/title/tt0109707/	https://www.imdb.com/name/nm0001445/awards
232	1996	The Usual Suspects	Kevin Spacey	https://www.imdb.com/title/tt0114814/	https://www.imdb.com/name/nm0000228/awards
233	1997	Jerry Maguire	Cuba Gooding, Jr.	https://www.imdb.com/title/tt0116695/	https://www.imdb.com/name/nm0000421/awards
234	1998	Good Will Hunting	Robin Williams	https://www.imdb.com/title/tt0119217/	https://www.imdb.com/name/nm0000245/awards
235	1999	Affliction	James Coburn	https://www.imdb.com/title/tt0118564/	https://www.imdb.com/name/nm0000336/awards
236	2000	The Cider House Rules	Michael Caine	https://www.imdb.com/title/tt0124315/	https://www.imdb.com/name/nm0000323/awards
237	2001	Traffic	Benicio Del Toro	https://www.imdb.com/title/tt0181865/	https://www.imdb.com/name/nm0001125/awards
238	2002	Iris	Jim Broadbent	https://www.imdb.com/title/tt0280778/	https://www.imdb.com/name/nm0000980/awards
239	2003	Adaptation	Chris Cooper	https://www.imdb.com/title/tt0268126/	https://www.imdb.com/name/nm0177933/awards
240	2004	Mystic River	Tim Robbins	https://www.imdb.com/title/tt0327056/	https://www.imdb.com/name/nm0000209/awards
241	2005	Million Dollar Baby	Morgan Freeman	https://www.imdb.com/title/tt0405159/	https://www.imdb.com/name/nm0000151/awards
242	2006	Syriana	George Clooney	https://www.imdb.com/title/tt0365737/	https://www.imdb.com/name/nm0000123/awards
243	2007	Little Miss Sunshine	Alan Arkin	https://www.imdb.com/title/tt0449059/	https://www.imdb.com/name/nm0000273/awards
244	2008	No Country for Old Men	Javier Bardem	https://www.imdb.com/title/tt0477348/	https://www.imdb.com/name/nm0000849/awards
245	2009	The Dark Knight	Heath Ledger	https://www.imdb.com/title/tt0468569/	https://www.imdb.com/name/nm0005132/awards
246	2010	Inglourious Basterds	Christoph Waltz	https://www.imdb.com/title/tt0361748/	https://www.imdb.com/name/nm0910607/awards
247	2011	The Fighter	Christian Bale	https://www.imdb.com/title/tt0964517/	https://www.imdb.com/name/nm0000288/awards
248	2012	Beginning	Christopher Plummer	https://www.imdb.com/title/tt1991203/	https://www.imdb.com/name/nm0001626/awards
249	2013	Django Unchained	Christoph Waltz	https://www.imdb.com/title/tt1853728/	https://www.imdb.com/name/nm0910607/awards
250	2014	Dallas Buyers Club	Jared Leto	https://www.imdb.com/title/tt0790636/	https://www.imdb.com/name/nm0001467/awards
251	1929	7th Heaven	Janet Gaynor	https://www.imdb.com/title/tt0018379/	https://www.imdb.com/name/nm0310980/
252	1930	Coquette	Mary Pickford	https://www.imdb.com/title/tt0019788/	https://www.imdb.com/name/nm0681933/awards
253	1930	The Divorcee	Norma Shearer	https://www.imdb.com/title/tt0020827/	https://www.imdb.com/name/nm0790454/awards
254	1931	Min and Bill	Marie Dressler	https://www.imdb.com/title/tt0021148/	https://www.imdb.com/name/nm0237597/
255	1932	The Sin of Madelon Claudet	Helen Hayes	https://www.imdb.com/title/tt0022386/	https://www.imdb.com/name/nm0371040/awards
256	1934	Morning Glory	Katharine Hepburn	https://www.imdb.com/title/tt0024353/	https://www.imdb.com/name/nm0000031/awards
257	1935	It Happened One Night	Claudette Colbert	https://www.imdb.com/title/tt0025316/	https://www.imdb.com/name/nm0001055/awards
258	1936	Dangerous	Bette Davis	https://www.imdb.com/title/tt0026261/	https://www.imdb.com/name/nm0000012/awards
259	1937	The Great Ziegfeld	Luise Rainer	https://www.imdb.com/title/tt0027698/	https://www.imdb.com/name/nm0707023/
260	1938	The Good Earth	Luise Rainer	https://www.imdb.com/title/tt0028944/	https://www.imdb.com/name/nm0707023/
261	1939	Jezebel	Bette Davis	https://www.imdb.com/title/tt0030287/	https://www.imdb.com/name/nm0000012/awards
262	1940	Gone with the Wind	Vivien Leigh	https://www.imdb.com/title/tt0031381/	https://www.imdb.com/name/nm0000046/awards
263	1941	Kitty Foyle	Ginger Rogers	https://www.imdb.com/title/tt0032671/	https://www.imdb.com/name/nm0001677/awards
264	1940	Suspicion	Joan Fontaine	https://www.imdb.com/title/tt0035605/	https://www.imdb.com/name/nm0000021/awards
265	1942	Mrs. Miniver	Greer Garson	https://www.imdb.com/title/tt0035093/	https://www.imdb.com/name/nm0002093/awards
266	1944	The Song of Bernadette	Jennifer Jones	https://www.imdb.com/title/tt0036377/	https://www.imdb.com/name/nm0428354/
267	1945	Gaslight	Ingrid Bergman	https://www.imdb.com/title/tt0036855/	https://www.imdb.com/name/nm0000006/awards
268	1946	Mildred Pierce	Joan Crawford	https://www.imdb.com/title/tt0037913/	https://www.imdb.com/name/nm0001076/awards
269	1947	To Each His Own	Olivia de Havilland	https://www.imdb.com/title/tt0039040/	https://www.imdb.com/name/nm0000014/awards
270	1948	The Farmer's Daughter	Loretta Young	https://www.imdb.com/title/tt0039370/	https://www.imdb.com/name/nm0949835/awards
271	1949	Johnny Belinda	Jane Wyman	https://www.imdb.com/title/tt0040495/	https://www.imdb.com/name/nm0943837/awards
272	1950	The Heiress	Olivia de Havilland	https://www.imdb.com/title/tt0041452/	https://www.imdb.com/name/nm0000014/awards
273	1951	Born Yesterday	Judy Holliday	https://www.imdb.com/title/tt0042276/	https://www.imdb.com/name/nm0391062/awards
274	1952	A Streetcar Named Desire	Vivien Leigh	https://www.imdb.com/title/tt0044081/	https://www.imdb.com/name/nm0000046/awards
275	1953	Come Back, Little Sheba	Shirley Booth	https://www.imdb.com/title/tt0044509/	https://www.imdb.com/name/nm0095804/
276	1954	Roman Holiday	Audrey Hepburn	https://www.imdb.com/title/tt0046250/	https://www.imdb.com/name/nm0000030/awards
277	1955	The Country Girl	Grace Kelly	https://www.imdb.com/title/tt0046874/	https://www.imdb.com/name/nm0000038/awards
278	1956	The Rose Tattoo	Anna Magnani	https://www.imdb.com/title/tt0048563/	https://www.imdb.com/name/nm0536167/awards
279	1957	Anastasia	Ingrid Bergman	https://www.imdb.com/title/tt0048947/	https://www.imdb.com/name/nm0000006/awards
280	1958	The Three Faces of Eve	Joanne Woodward	https://www.imdb.com/title/tt0051077/	https://www.imdb.com/name/nm0940946/awards
281	1959	I Want To Live!	Susan Hayward	https://www.imdb.com/title/tt0051758/	https://www.imdb.com/name/nm0001333/awards
282	1960	Room at the Top	Simone Signoret	https://www.imdb.com/title/tt0053226/	https://www.imdb.com/name/nm0797531/awards
283	1961	Butterfield 8	Elizabeth Taylor	https://www.imdb.com/title/tt0053622/	https://www.imdb.com/name/nm0000072/awards
284	1962	Two Women	Sophia Loren	https://www.imdb.com/title/tt0054749/	https://www.imdb.com/name/nm0000047/awards
285	1963	The Miracle Worker	Anne Bancroft	https://www.imdb.com/title/tt0056241/	https://www.imdb.com/name/nm0000843/awards
286	1964	Hud	Patricia Neal	https://www.imdb.com/title/tt0057163/	https://www.imdb.com/name/nm0623658/
287	1965	Mary Poppins	Julie Andrews	https://www.imdb.com/title/tt0058331/	https://www.imdb.com/name/nm0000267/awards
288	1966	Darling	Julie Christie	https://www.imdb.com/title/tt0059084/	https://www.imdb.com/name/nm0001046/awards
289	1967	Who's Afraid of Virginia Woolf?	Elizabeth Taylor	https://www.imdb.com/title/tt0061184/	https://www.imdb.com/name/nm0000072/awards
290	1968	Guess Who's Coming to Dinner	Katharine Hepburn	https://www.imdb.com/title/tt0061735/	https://www.imdb.com/name/nm0000031/awards
291	1969	Funny Girl	Barbra Streisand	https://www.imdb.com/title/tt0062994/	https://www.imdb.com/name/nm0000659/awards
292	1969	The Lion in Winter	Katharine Hepburn	https://www.imdb.com/title/tt0063227/	https://www.imdb.com/name/nm0000031/awards
293	1970	The Prime of Miss Jean Brodie	Maggie Smith	https://www.imdb.com/title/tt0064840/	https://www.imdb.com/name/nm0001749/awards
294	1971	Women in Love	Glenda Jackson	https://www.imdb.com/title/tt0066579/	https://www.imdb.com/name/nm0413559/awards
295	1972	Klute	Jane Fonda	https://www.imdb.com/title/tt0067309/	https://www.imdb.com/name/nm0000404/awards
296	1973	Cabaret	Liza Minnelli	https://www.imdb.com/title/tt0068327/	https://www.imdb.com/name/nm0591485/
297	1974	A Touch of Class	Glenda Jackson	https://www.imdb.com/title/tt0070819/	https://www.imdb.com/name/nm0413559/awards
298	1975	Alice Doesn't Live Here Anymore	Ellen Burstyn	https://www.imdb.com/title/tt0071115/	https://www.imdb.com/name/nm0000995/awards
299	1976	One Flew Over the Cuckoo's Nest	Louise Fletcher	https://www.imdb.com/title/tt0073486/	https://www.imdb.com/name/nm0001221/awards
300	1977	Network	Faye Dunaway	https://www.imdb.com/title/tt0074958/	https://www.imdb.com/name/nm0001159/awards
301	1978	Annie Hall	Diane Keaton	https://www.imdb.com/title/tt0075686/	https://www.imdb.com/name/nm0000473/awards
302	1979	Coming Home	Jane Fonda	https://www.imdb.com/title/tt0077362/	https://www.imdb.com/name/nm0000404/awards
303	1980	Norma Rae	Sally Field	https://www.imdb.com/title/tt0079638/	https://www.imdb.com/name/nm0000398/awards
304	1981	Coal Miner's Daughter	Sissy Spacek	https://www.imdb.com/title/tt0080549/	https://www.imdb.com/name/nm0000651/awards
305	1982	On Golden Pond	Katharine Hepburn	https://www.imdb.com/title/tt0082846/	https://www.imdb.com/name/nm0000031/awards
306	1983	Sophie's Choice	Meryl Streep	https://www.imdb.com/title/tt0084707/	https://www.imdb.com/name/nm0000658/awards
307	1984	Terms of Endearment	Shirley MacLaine	https://www.imdb.com/title/tt0086425/	https://www.imdb.com/name/nm0000511/awards
308	1985	Places in the Heart	Sally Field	https://www.imdb.com/title/tt0087921/	https://www.imdb.com/name/nm0000398/awards
309	1986	The Trip to Bountiful	Geraldine Page	https://www.imdb.com/title/tt0090203/	https://www.imdb.com/name/nm0656183/awards
310	1987	Children of a Lesser God	Marlee Matlin	https://www.imdb.com/title/tt0090830/	https://www.imdb.com/name/nm0559144/
311	1988	Moonstruck	Cher	https://www.imdb.com/title/tt0093565/	https://www.imdb.com/name/nm0000333/awards
312	1989	The Accused	Jodie Foster	https://www.imdb.com/title/tt0094608/	https://www.imdb.com/name/nm0000149/awards
313	1990	Driving Miss Daisy	Jessica Tandy	https://www.imdb.com/title/tt0097239/	https://www.imdb.com/name/nm0001788/
314	1991	Misery	Kathy Bates	https://www.imdb.com/title/tt0100157/	https://www.imdb.com/name/nm0000870/awards
315	1992	The Silence of the Lambs	Jodie Foster	https://www.imdb.com/title/tt0102926/	https://www.imdb.com/name/nm0000149/awards
316	1993	Howards End	Emma Thompson	https://www.imdb.com/title/tt0104454/	https://www.imdb.com/name/nm0000668/awards
317	1994	The Piano	Holly Hunter	https://www.imdb.com/title/tt0107822/	https://www.imdb.com/name/nm0000456/awards
318	1995	Blue Sky	Jessica Lange	https://www.imdb.com/title/tt0109306/	https://www.imdb.com/name/nm0001448/awards
319	1996	Dead Man Walking	Susan Sarandon	https://www.imdb.com/title/tt0112818/	https://www.imdb.com/name/nm0000215/awards
320	1997	Fargo	Frances McDormand	https://www.imdb.com/title/tt0116282/	https://www.imdb.com/name/nm0000531/awards
321	1998	As Good As It Gets	Helen Hunt	https://www.imdb.com/title/tt0119822/	https://www.imdb.com/name/nm0000166/
322	1999	Shakespeare in Love	Gwyneth Paltrow	https://www.imdb.com/title/tt0138097/	https://www.imdb.com/name/nm0000569/awards
323	2000	Boys Don't Cry	Hilary Swank	https://www.imdb.com/title/tt0171804/	https://www.imdb.com/name/nm0005476/awards
324	2001	Erin Brockovich	Julia Roberts	https://www.imdb.com/title/tt0195685/	https://www.imdb.com/name/nm0000210/awards
325	2002	Monster's Ball	Halle Berry	https://www.imdb.com/title/tt0285742/	https://www.imdb.com/name/nm0000932/awards
326	2003	The Hours	Nicole Kidman	https://www.imdb.com/title/tt0274558/	https://www.imdb.com/name/nm0000173/awards
327	2004	Monster	Charlize Theron	https://www.imdb.com/title/tt0340855/	https://www.imdb.com/name/nm0000234/awards
328	2005	Million Dollar Baby	Hilary Swank	https://www.imdb.com/title/tt0405159/	https://www.imdb.com/name/nm0005476/awards
329	2006	Walk the Line	Reese Witherspoon	https://www.imdb.com/title/tt0358273/	https://www.imdb.com/name/nm0000702/awards
330	2007	The Queen	Helen Mirren	https://www.imdb.com/title/tt0436697/	https://www.imdb.com/name/nm0000545/awards
331	2008	The Passionate Life of Edith Piaf	Marion Cotillard	https://www.imdb.com/title/tt0450188/	https://www.imdb.com/name/nm0182839/awards
332	2009	The Reader	Kate Winslet	https://www.imdb.com/title/tt0976051/	https://www.imdb.com/name/nm0000701/awards
333	2010	The Blind Side	Sandra Bullock	https://www.imdb.com/title/tt0878804/	https://www.imdb.com/name/nm0000113/awards
334	2011	Black Swan	Natalie Portman	https://www.imdb.com/title/tt0947798/	https://www.imdb.com/name/nm0000204/awards
335	2012	The Iron Lady	Meryl Streep	https://www.imdb.com/title/tt1007029/	https://www.imdb.com/name/nm0000658/awards
336	2013	Silver Linings Playbook	Jennifer Lawrence	https://www.imdb.com/title/tt1045658/	https://www.imdb.com/name/nm2225369/awards
337	2014	Blue Jasmine	Cate Blanchett	https://www.imdb.com/title/tt2334873/	https://www.imdb.com/name/nm0000949/awards
338	1937	Anthony Adverse	Gale Sondergaard	https://www.imdb.com/title/tt0027300/	https://www.imdb.com/name/nm0814216/
339	1938	In Old Chicago	Alice Brady	https://www.imdb.com/title/tt0029047/	https://www.imdb.com/name/nm0103567/
340	1939	Jezebel	Fay Bainter	https://www.imdb.com/title/tt0030287/	https://www.imdb.com/name/nm0047810/
341	1940	Gone with the Wind	Hattie McDaniel	https://www.imdb.com/title/tt0031381/	https://www.imdb.com/name/nm0567408/
342	1941	The Grapes of Wrath	Jane Darwell	https://www.imdb.com/title/tt0032551/	https://www.imdb.com/name/nm0002034/
343	1942	The Great Lie	Mary Astor	https://www.imdb.com/title/tt0033677/	https://www.imdb.com/name/nm0000802/awards
344	1943	Mrs. Miniver	Teresa Wright	https://www.imdb.com/title/tt0035093/	https://www.imdb.com/name/nm0942863/
345	1944	For Whom the Bell Tolls	Katina Paxinou	https://www.imdb.com/title/tt0035896/	https://www.imdb.com/name/nm0668093/
346	1945	None but the Lonely Heart	Ethel Barrymore	https://www.imdb.com/title/tt0037135/	https://www.imdb.com/name/nm0000856/awards
347	1946	National Velvet	Anne Revere	https://www.imdb.com/title/tt0037120/	https://www.imdb.com/name/nm0720843/
348	1947	The Razor's Edge	Anne Baxter	https://www.imdb.com/title/tt0038873/	https://www.imdb.com/name/nm0000879/awards
349	1948	Gentleman's Agreement	Celeste Holm	https://www.imdb.com/title/tt0039416/	https://www.imdb.com/name/nm0002141/
350	1949	Key Largo	Claire Trevor	https://www.imdb.com/title/tt0040506/	https://www.imdb.com/name/nm0872456/
351	1950	All the King's Men	Mercedes McCambridge	https://www.imdb.com/title/tt0041113/	https://www.imdb.com/name/nm0564790/
352	1951	Harvey	Josephine Hull	https://www.imdb.com/title/tt0042546/	https://www.imdb.com/name/nm0401449/
353	1952	A Streetcar Named Desire	Kim Hunter	https://www.imdb.com/title/tt0044081/	https://www.imdb.com/name/nm0001375/
354	1953	The Bad and the Beautiful	Gloria Grahame	https://www.imdb.com/title/tt0044391/	https://www.imdb.com/name/nm0002108/awards
355	1954	From Here to Eternity	Donna Reed	https://www.imdb.com/title/tt0045793/	https://www.imdb.com/name/nm0001656/awards
356	1955	On the Waterfront	Eva Marie Saint	https://www.imdb.com/title/tt0047296/	https://www.imdb.com/name/nm0001693/
357	1956	East of Eden	Jo Van Fleet	https://www.imdb.com/title/tt0048028/	https://www.imdb.com/name/nm0886888/awards
358	1957	Written on the Wind	Dorothy Malone	https://www.imdb.com/title/tt0049966/	https://www.imdb.com/name/nm0540416/awards
359	1958	Sayonara	Miyoshi Umeki	https://www.imdb.com/title/tt0050933/	https://www.imdb.com/name/nm0880855/
360	1959	Separate Tables	Wendy Hiller	https://www.imdb.com/title/tt0052182/	https://www.imdb.com/name/nm0384908/awards
361	1960	The Diary of Anne Frank	Shelley Winters	https://www.imdb.com/title/tt0052738/	https://www.imdb.com/name/nm0001859/awards
362	1961	Elmer Gantry	Shirley Jones	https://www.imdb.com/title/tt0053793/	https://www.imdb.com/name/nm0429250/awards
363	1962	West Side Story	Rita Moreno	https://www.imdb.com/title/tt0055614/	https://www.imdb.com/name/nm0001549/
364	1963	The Miracle Worker	Patty Duke	https://www.imdb.com/title/tt0056241/	https://www.imdb.com/name/nm0001157/
365	1964	the V.I.P.s	Margaret Rutherford	https://www.imdb.com/title/tt0057634/	https://www.imdb.com/name/nm0751983/
366	1965	Zorba the Greek	Lila Kedrova	https://www.imdb.com/title/tt0057831/	https://www.imdb.com/name/nm0444321/
367	1966	A Patch of Blue	Shelley Winters	https://www.imdb.com/title/tt0059573/	https://www.imdb.com/name/nm0001859/awards
368	1967	Who's Afraid of Virginia Woolf?	Sandy Dennis	https://www.imdb.com/title/tt0061184/	https://www.imdb.com/name/nm0006800/
369	1968	Bonnie and Clyde	Estelle Parsons	https://www.imdb.com/title/tt0061418/	https://www.imdb.com/name/nm0663820/
370	1969	Rosemary's Baby	Ruth Gordon	https://www.imdb.com/title/tt0063522/	https://www.imdb.com/name/nm0002106/awards
371	1970	Cactus Flower	Goldie Hawn	https://www.imdb.com/title/tt0064117/	https://www.imdb.com/name/nm0000443/awards
372	1971	Airport	Helen Hayes	https://www.imdb.com/title/tt0065377/	https://www.imdb.com/name/nm0371040/awards
373	1972	The Last Picture Show	Cloris Leachman	https://www.imdb.com/title/tt0067328/	https://www.imdb.com/name/nm0001458/awards
374	1973	Butterflies Are Free	Eileen Heckart	https://www.imdb.com/title/tt0068326/	https://www.imdb.com/name/nm0373012/
375	1974	Paper Moon	Tatum O'Neal	https://www.imdb.com/title/tt0070510/	https://www.imdb.com/name/nm0001575/
376	1975	Murder on the Orient Express	Ingrid Bergman	https://www.imdb.com/title/tt0071877/	https://www.imdb.com/name/nm0000006/awards
377	1976	Shampoo	Lee Grant	https://www.imdb.com/title/tt0073692/	https://www.imdb.com/name/nm0335519/awards
378	1977	Network	Beatrice Straight	https://www.imdb.com/title/tt0074958/	https://www.imdb.com/name/nm0833152/
379	1978	Julia	Vanessa Redgrave	https://www.imdb.com/title/tt0076245/	https://www.imdb.com/name/nm0000603/awards
380	1979	California Suite	Maggie Smith	https://www.imdb.com/title/tt0077289/	https://www.imdb.com/name/nm0001749/awards
381	1980	Kramer vs. Kramer	Meryl Streep	https://www.imdb.com/title/tt0079417/	https://www.imdb.com/name/nm0000658/awards
382	1981	Melvin and Howard	Mary Steenburgen	https://www.imdb.com/title/tt0081150/	https://www.imdb.com/name/nm0005460/awards
383	1982	Reds	Maureen Stapleton	https://www.imdb.com/title/tt0082979/	https://www.imdb.com/name/nm0822972/
384	1983	Tootsie	Jessica Lange	https://www.imdb.com/title/tt0084805/	https://www.imdb.com/name/nm0001448/awards
385	1984	The Year of Living Dangerously	Linda Hunt	https://www.imdb.com/title/tt0086617/	https://www.imdb.com/name/nm0001373/awards
386	1985	A Passage to India	Peggy Ashcroft	https://www.imdb.com/title/tt0087892/	https://www.imdb.com/name/nm0001919/
387	1986	Prizzi's Honor	Anjelica Huston	https://www.imdb.com/title/tt0089841/	https://www.imdb.com/name/nm0001378/awards
388	1987	Hannah and Her Sisters	Dianne Wiest	https://www.imdb.com/title/tt0091167/	https://www.imdb.com/name/nm0001848/awards
389	1988	Moonstruck	Olympia Dukakis	https://www.imdb.com/title/tt0093565/	https://www.imdb.com/name/nm0001156/
390	1989	The Accidental Tourist	Geena Davis	https://www.imdb.com/title/tt0094606/	https://www.imdb.com/name/nm0000133/awards
391	1990	My Left Foot	Brenda Fricker	https://www.imdb.com/title/tt0097937/	https://www.imdb.com/name/nm0002084/
392	1991	Ghost	Whoopi Goldberg	https://www.imdb.com/title/tt0099653/	https://www.imdb.com/name/nm0000155/awards
393	1992	The Fisher King	Mercedes Ruehl	https://www.imdb.com/title/tt0101889/	https://www.imdb.com/name/nm0001689/awards
394	1993	My Cousin Vinny	Marisa Tomei	https://www.imdb.com/title/tt0104952/	https://www.imdb.com/name/nm0000673/
395	1994	The Piano	Anna Paquin	https://www.imdb.com/title/tt0107822/	https://www.imdb.com/name/nm0001593/
396	1995	Bullets Over Broadway	Dianne Wiest	https://www.imdb.com/title/tt0109348/	https://www.imdb.com/name/nm0001848/awards
397	1996	Mighty Aphrodite	Mira Sorvino	https://www.imdb.com/title/tt0113819/	https://www.imdb.com/name/nm0000227/
398	1997	The English Patient	Juliette Binoche	https://www.imdb.com/title/tt0116209/	https://www.imdb.com/name/nm0000300/awards
399	1998	L.A. Confidential	Kim Basinger	https://www.imdb.com/title/tt0119488/	https://www.imdb.com/name/nm0000107/awards
400	1999	Shakespeare in Love	Judi Dench	https://www.imdb.com/title/tt0138097/	https://www.imdb.com/name/nm0001132/awards
401	2000	Girl, Interrupted	Angelina Jolie	https://www.imdb.com/title/tt0172493/	https://www.imdb.com/name/nm0001401/awards
402	2001	Pollock	Marcia Gay Harden	https://www.imdb.com/title/tt0183659/	https://www.imdb.com/name/nm0001315/awards
403	2002	A Beautiful Mind	Jennifer Connelly	https://www.imdb.com/title/tt0268978/	https://www.imdb.com/name/nm0000124/awards
404	2003	Chicago	Catherine Zeta-Jones	https://www.imdb.com/title/tt0299658/	https://www.imdb.com/name/nm0001876/awards
405	2004	Cold Mountain	RenÌ©e Zellweger	https://www.imdb.com/title/tt0159365/	https://www.imdb.com/name/nm0000250/
406	2005	The Aviator	Cate Blanchett	https://www.imdb.com/title/tt0338751/	https://www.imdb.com/name/nm0000949/awards
407	2006	The Constant Gardener	Rachel Weisz	https://www.imdb.com/title/tt0387131/	https://www.imdb.com/name/nm0001838/awards
408	2007	Dreamgirls	Jennifer Hudson	https://www.imdb.com/title/tt0443489/	https://www.imdb.com/name/nm1617685/awards
409	2007	Michael Clayton	Tilda Swinton	https://www.imdb.com/title/tt0465538/	https://www.imdb.com/name/nm0842770/awards
410	2009	Vicky Cristina Barcelona	Penelope Cruz	https://www.imdb.com/title/tt0497465/	https://www.imdb.com/name/nm0004851/awards
411	2010	Precious	Mo'Nique	https://www.imdb.com/title/tt0929632/	https://www.imdb.com/name/nm0594898/awards
412	2011	The Fighter	Melissa Leo	https://www.imdb.com/title/tt0964517/	https://www.imdb.com/name/nm0502425/
413	2012	The Help	Octavia Spencer	https://www.imdb.com/title/tt1454029/	https://www.imdb.com/name/nm0818055/awards
414	2013	Les MisÌ©rables	Anne Hathaway	https://www.imdb.com/title/tt1707386/	https://www.imdb.com/name/nm0004266/awards
415	2014	12 Years a Slave	Lupita Nyong'o	https://www.imdb.com/title/tt2024544/	https://www.imdb.com/name/nm2143282/
416	1961	The Apartment	Billy Wilder	https://www.imdb.com/title/tt0053604/	https://www.imdb.com/name/nm0000697/awards
417	1941	Kitty Foyle	Ginger Rogers	https://www.imdb.com/title/tt0032671/	https://www.imdb.com/name/nm0001677/awards
418	1994	Philadelphia	Tom Hanks	https://www.imdb.com/title/tt0107818/	https://www.imdb.com/name/nm0000158/awards
419	1979	The Deer Hunter	Michael Cimino	https://www.imdb.com/title/tt0077416/	https://www.imdb.com/name/nm0001047/awards
420	1942	The Great Lie	Mary Astor	https://www.imdb.com/title/tt0033677/	https://www.imdb.com/name/nm0000802/awards
421	2000	Girl, Interrupted	Angelina Jolie	https://www.imdb.com/title/tt0172493/	https://www.imdb.com/name/nm0001401/awards
422	1976	Shampoo	Lee Grant	https://www.imdb.com/title/tt0073692/	https://www.imdb.com/name/nm0335519/awards
423	1946	National Velvet	Anne Revere	https://www.imdb.com/title/tt0037120/	https://www.imdb.com/name/nm0720843/
424	1977	Network	Faye Dunaway	https://www.imdb.com/title/tt0074958/	https://www.imdb.com/name/nm0001159/awards
425	1943	Johnny Eager	Van Heflin	https://www.imdb.com/title/tt0033774/	https://www.imdb.com/name/nm0001336/awards
426	1958	The Three Faces of Eve	Joanne Woodward	https://www.imdb.com/title/tt0051077/	https://www.imdb.com/name/nm0940946/awards
427	1953	High Noon	Gary Cooper	https://www.imdb.com/title/tt0044706/	https://www.imdb.com/name/nm0000011/awards
428	1967	Who's Afraid of Virginia Woolf?	Elizabeth Taylor	https://www.imdb.com/title/tt0061184/	https://www.imdb.com/name/nm0000072/awards
429	2005	Million Dollar Baby	Hilary Swank	https://www.imdb.com/title/tt0405159/	https://www.imdb.com/name/nm0005476/awards
430	2005	Million Dollar Baby	Hilary Swank	https://www.imdb.com/title/tt0405159/	https://www.imdb.com/name/nm0005476/awards
431	1999	Shakespeare in Love	Gwyneth Paltrow	https://www.imdb.com/title/tt0138097/	https://www.imdb.com/name/nm0000569/awards
432	1969	The Subject Was Roses	Jack Albertson	https://www.imdb.com/title/tt0063654/	https://www.imdb.com/name/nm0016776/
433	2010	Precious	Mo'Nique	https://www.imdb.com/title/tt0929632/	https://www.imdb.com/name/nm0594898/awards
434	2001	Pollock	Marcia Gay Harden	https://www.imdb.com/title/tt0183659/	https://www.imdb.com/name/nm0001315/awards
435	1970	The Prime of Miss Jean Brodie	Maggie Smith	https://www.imdb.com/title/tt0064840/	https://www.imdb.com/name/nm0001749/awards
436	2006	The Constant Gardener	Rachel Weisz	https://www.imdb.com/title/tt0387131/	https://www.imdb.com/name/nm0001838/awards
437	2009	Slumdog Millionaire	Danny Boyle	https://www.imdb.com/title/tt1010048/	https://www.imdb.com/name/nm0000965/awards
438	1977	All the President's Men	Jason Robards	https://www.imdb.com/title/tt0074119/	https://www.imdb.com/name/nm0001673/awards
439	1999	Affliction	James Coburn	https://www.imdb.com/title/tt0118564/	https://www.imdb.com/name/nm0000336/awards
440	1949	The Treasure of the Sierra Madre	John Huston	https://www.imdb.com/title/tt0040897/	https://www.imdb.com/name/nm0001379/awards
